latitude,longitude,mag,place,time
35.9366667,-117.2221667,3.47,"23km NE of Trona, California",12:02.7
7.853,-78.214,4.3,Panama,24:12.1
12.817,-88.558,4.3,"51km S of Puerto El Triunfo, El Salvador",12/29/2014 23:13
14.837,-93.656,3.7,"104km SW of Mapastepec, Mexico",08:52.2
36.7545,-98.1778,3.1,"15km E of Cherokee, Oklahoma",12/29/2014 17:50
36.8363,-97.8757,3.3,"13km WNW of Medford, Oklahoma",15:55.2
35.53,-96.766,3.2,Oklahoma,11/5/2011 13:42
40.2961667,-124.517,3.63,"37km SW of Ferndale, California",42:20.9
17.059,-95.429,4.4,"Oaxaca, Mexico",17:28.1
17.26,-95.576,4.1,"Oaxaca, Mexico",33:11.2
44.672,-68.752,3,Maine,3/30/2010 20:42
52.7627,-167.9703,3,"63km ESE of Nikolski, Alaska",12/29/2014 12:54
18.412,-72.579,4.5,Haiti region,54:16.6
36.799,-104.831,4.1,New Mexico,00:36.7
36.361,-97.4511,3,"16km WNW of Perry, Oklahoma",30:05.1
39.6751667,-111.9696667,3.17,"12km WSW of Nephi, Utah",56:46.7
39.664,-111.9718333,3.66,"12km WSW of Nephi, Utah",08:18.5
15.288,-91.894,5,Guatemala,45:12.7
18.6292,-64.8974,3.1,"32km N of Charlotte Amalie, U.S. Virgin Islands",04:12.9
18.8756,-64.2228,3.2,"65km NE of Road Town, British Virgin Islands",10:28.2
60.9465,-150.8657,3.1,"36km NE of Nikiski, Alaska",12/28/2014 17:00
18.537,-64.4476,3.2,"22km NE of Road Town, British Virgin Islands",39:32.8
35.8147,-97.4181,3,"7km S of Guthrie, Oklahoma",02:56.7
18.9904,-65.9692,3.1,"59km NNE of San Juan, Puerto Rico",30:58.7
58.415,-137.0415,3.5,"76km W of Gustavus, Alaska",15:47.9
52.637,-163.764,3,"213km SE of Akutan, Alaska",40:49.3
67.6721,-162.2403,3.3,"16km NNW of Noatak, Alaska",12/27/2014 17:22
36.2837,-96.8918,3.4,"9km SW of Pawnee, Oklahoma",12/27/2014 16:39
56.4532,-155.0352,3,"78km NNE of Chirikof Island, Alaska",12/27/2014 14:31
19.141,-66.897,3.2,"72km N of Isabela, Puerto Rico",36:51.8
18.402,-99.846,4,"5km N of Teloloapan, Mexico",33:38.4
35.9107,-97.2513,3,"3km S of Langston, Oklahoma",17:14.5
19.141,-66.847,3.4,"72km N of Hatillo, Puerto Rico",47:12.5
37.0159,-104.8487,3,"35km WSW of Trinidad, Colorado",23:24.8
35.8143,-97.4177,3,"7km S of Guthrie, Oklahoma",21:36.2
18.9528,-64.2397,3.3,"71km NNE of Road Town, British Virgin Islands",12/27/2014 2:41
19.0729,-64.337,3.4,"78km NNE of Road Town, British Virgin Islands",18:01.3
12.334,-59.7088,4.4,"83km SSW of Oistins, Barbados",14:23.5
19.2134,-64.3338,3.8,"93km NNE of Road Town, British Virgin Islands",04:21.8
35.8104,-97.416,3.1,"7km S of Guthrie, Oklahoma",03:37.5
36.8021,-98.1623,3,"18km ENE of Cherokee, Oklahoma",12:57.3
19.124,-66.3669,3.1,"72km N of Brenas, Puerto Rico",47:43.4
19.1688,-66.3809,3.2,"77km N of Brenas, Puerto Rico",42:01.7
18.992,-65.2001,3,"77km NNW of Charlotte Amalie, U.S. Virgin Islands",54:18.7
36.368,-97.0684,3.9,"21km ENE of Perry, Oklahoma",11:36.4
35.8124,-97.4167,3.5,"7km S of Guthrie, Oklahoma",32:49.5
24.4153,-109.0765,5.1,"127km ENE of La Paz, Mexico",45:42.1
18.8925,-64.3219,3,"61km NNE of Road Town, British Virgin Islands",50:18.6
17.984,-99.136,4.1,"5km SSW of Copalillo, Mexico",53:22.5
19.1156,-65.2153,3,"90km NNW of Charlotte Amalie, U.S. Virgin Islands",09:28.7
13.6073,-90.9868,4,"39km SSW of Puerto San Jose, Guatemala",40:15.6
17.6409,-96.228,4.4,"10km WSW of Ayotzintepec, Mexico",27:25.3
14.715,-93.918,4,"131km SW of Pijijiapan, Mexico",01:26.6
41.9133,-119.6427,3.59,"65km ESE of Lakeview, Oregon",58:32.9
13.8539,-90.7222,4.2,"8km S of Iztapa, Guatemala",28:59.4
33.1783333,-115.6041667,3.56,"3km ENE of Obsidian Butte, California",00:11.5
33.1851667,-115.6085,4.19,"3km ENE of Obsidian Butte, California",51:51.4
44.4556,-114.1515,3.7,"8km SE of Challis, Idaho",10:37.4
53.4075,-163.6951,3.4,"159km ESE of Akutan, Alaska",12/24/2014 3:32
9.2618,-61.3167,4.1,"83km ENE of Tucupita, Venezuela",19:51.7
58.2456,-142.7483,3.2,"203km S of Cape Yakataga, Alaska",02:56.2
58.1177,-142.7283,3,"216km S of Cape Yakataga, Alaska",12/23/2014 22:02
36.8913,-97.6911,3,"10km NNE of Medford, Oklahoma",35:28.4
14.64,-93.922,4.7,"138km SSW of Pijijiapan, Mexico",36:39.7
44.4606,-114.1566,3.8,"7km SE of Challis, Idaho",52:34.7
36.9501,-104.7718,3.4,"30km W of Raton, New Mexico",33:36.4
13.6656,-90.3368,4.4,"37km SSW of Pasaco, Guatemala",22:53.9
44.42,-114.159,3.9,"11km SSE of Challis, Idaho",56:26.2
44.4535,-114.152,3.7,"8km SE of Challis, Idaho",12/23/2014 11:55
44.4553,-114.1576,3.4,"8km SE of Challis, Idaho",53:33.7
16.9899,-94.021,4.1,"43km NW of Cintalapa de Figueroa, Mexico",01:06.4
34.0200005,-117.2286682,3.14,"4km SE of Loma Linda, California",59:01.4
19.1196,-66.3533,3,"72km N of Brenas, Puerto Rico",32:53.9
19.1571,-66.3564,3,"76km N of Brenas, Puerto Rico",31:24.2
41.833,-119.6264,3.54,"71km ESE of Lakeview, Oregon",42:00.2
44.4466,-114.1375,3.3,"9km SE of Challis, Idaho",31:21.5
41.8479,-126.8775,3.1,"212km WSW of Gold Beach, Oregon",37:22.0
53.653,-164.954,3.6,"76km SE of Akutan, Alaska",55:54.4
50.9022,-130.1266,4.6,"192km W of Port Hardy, Canada",01:06.4
53.4127,-167.2182,3,"68km SW of Unalaska, Alaska",12/22/2014 20:44
44.473,-114.1635,3.7,"6km ESE of Challis, Idaho",20:36.8
10.1637,-85.4864,4.1,"4km WNW of Nicoya, Costa Rica",04:41.4
36.2766,-97.2252,3,"5km ESE of Perry, Oklahoma",12:38.3
37.2649,-97.9365,3.5,"8km ESE of Harper, Kansas",45:07.0
60.1203,-152.8976,3.5,"41km SSW of Redoubt Volcano, Alaska",12/22/2014 7:40
50.746,-130.525,4.5,"219km W of Port Hardy, Canada",51:37.4
36.0671,-97.3586,3,"16km NW of Langston, Oklahoma",05:53.5
17.9225,-68.3243,3.2,"58km SSE of Boca de Yuma, Dominican Republic",44:04.4
36.8024,-98.1933,3.6,"15km ENE of Cherokee, Oklahoma",40:56.8
19.5531,-65.2919,3.4,"137km NNE of Vieques, Puerto Rico",42:25.9
54.0039,-162.8588,4.7,"100km SSE of False Pass, Alaska",31:54.5
53.7874,-164.1106,3.6,"115km ESE of Akutan, Alaska",12/22/2014 0:41
18.9955,-65.1781,3,"76km NNW of Charlotte Amalie, U.S. Virgin Islands",58:35.6
19.0265,-65.376,3,"80km NNE of Luquillo, Puerto Rico",35:13.2
19.0165,-65.1792,3.9,"79km NNW of Charlotte Amalie, U.S. Virgin Islands",14:46.1
18.9883,-65.2372,3,"76km N of Culebra, Puerto Rico",37:30.6
54.1903,-159.8732,3.3,"69km SSW of Chernabura Island, Alaska",12/21/2014 21:03
36.6285,-97.7101,3.4,"19km S of Medford, Oklahoma",42:55.3
36.6267,-97.7149,3.4,"20km S of Medford, Oklahoma",36:00.1
36.9379,-97.7253,3.3,"14km SW of Caldwell, Kansas",44:05.8
51.0327,-130.2433,4.7,"193km SW of Bella Bella, Canada",45:44.2
14.427,-92.74,4.2,"47km SW of Puerto Madero, Mexico",35:01.1
50.7373,-130.4995,4.3,"217km W of Port Hardy, Canada",19:45.4
50.79,-130.52,5.2,"219km W of Port Hardy, Canada",12/21/2014 9:40
18.9713,-65.3168,3,"73km N of Culebra, Puerto Rico",28:20.4
36.5278,-98.227,3,"4km ESE of Helena, Oklahoma",53:23.4
19.0307,-65.2648,3,"80km N of Culebra, Puerto Rico",48:57.3
50.7493,-130.4889,4,"216km W of Port Hardy, Canada",35:48.1
36.761,-97.5719,3.1,"15km ESE of Medford, Oklahoma",59:04.1
17.3963,-95.279,4.4,"26km W of Jesus Carranza, Mexico",25:32.7
18.8596,-64.3445,3,"56km NNE of Road Town, British Virgin Islands",10:15.4
50.959,-130.194,5.2,"196km SW of Bella Bella, Canada",57:38.1
36.1751,-97.3867,3,"15km SW of Perry, Oklahoma",17:09.4
60.126,-152.7964,3.1,"40km S of Redoubt Volcano, Alaska",12/20/2014 23:30
44.096,-128.5294,4.2,Off the coast of Oregon,10:18.9
50.7361,-130.4872,4.7,"216km W of Port Hardy, Canada",54:28.4
50.722,-130.4937,4.4,"217km W of Port Hardy, Canada",36:32.0
18.6709,-64.8227,3.1,"35km NW of Road Town, British Virgin Islands",38:27.2
11.2825,-86.9565,4.2,"73km SW of Masachapa, Nicaragua",45:49.9
11.3782,-86.9445,4.8,"65km SW of Masachapa, Nicaragua",37:32.9
11.6621,-88.8262,4.5,"181km S of Puerto El Triunfo, El Salvador",54:51.2
13.759,-91.3159,4.5,"45km SW of La Gomera, Guatemala",25:41.0
63.1683,-150.3498,3.1,"74km WSW of Cantwell, Alaska",12/20/2014 7:32
41.8599,-119.6059,3.08,"71km ESE of Lakeview, Oregon",44:40.8
60.1324,-153.1265,3.2,"44km SSW of Redoubt Volcano, Alaska",12/20/2014 6:33
12.647,-90.123,3.9,"109km SSW of Acajutla, El Salvador",12/20/2014 5:55
63.3672,-145.2549,3.2,"56km S of Deltana, Alaska",12/20/2014 4:16
43.3274,-126.6379,4.2,"182km W of Bandon, Oregon",34:18.5
54.432,-160.788,4.3,"88km WSW of Chernabura Island, Alaska",55:29.6
18.0405,-67.9716,3.5,"75km SE of Punta Cana, Dominican Republic",58:01.2
14.583,-92.54,4.2,"19km SW of Puerto Madero, Mexico",51:16.1
16.1989,-61.8058,5.6,"4km SSW of Pointe-Noire, Guadeloupe",49:30.1
63.5396,-147.3884,3.3,"79km ENE of Cantwell, Alaska",12/19/2014 16:40
14.2825,-92.717,4.7,"58km SSW of Puerto Madero, Mexico",12/19/2014 16:05
41.8492,-119.6256,3.07,"70km ESE of Lakeview, Oregon",29:43.8
41.8568,-119.598,3.01,"72km ESE of Lakeview, Oregon",41:01.0
44.9556667,-123.5536667,3.15,"12km SSE of Grand Ronde, Oregon",01:06.9
41.8663,-119.6039,3.25,"71km ESE of Lakeview, Oregon",37:12.4
41.8858,-119.5995,3.07,"73km ESE of Lakeview, Oregon",33:13.9
36.7564,-97.5659,3.3,"15km ESE of Medford, Oklahoma",18:08.2
55.734,-158.37,4,"63km SSE of Chignik Lake, Alaska",05:24.9
12.4864,-89.4303,4,"111km S of La Libertad, El Salvador",12/19/2014 5:55
41.1093,-126.819,4.4,"223km WNW of Ferndale, California",40:02.5
40.8417,-126.5622,3.6,"196km W of Ferndale, California",35:02.3
41.2438,-127.3495,3.8,"268km W of Crescent City, California",53:05.7
41.0051,-127.3106,4.6,"261km WNW of Ferndale, California",42:30.4
36.1511,-97.4904,3.4,"23km SW of Perry, Oklahoma",12/18/2014 23:06
14.622,-92.724,4.8,"34km WSW of Puerto Madero, Mexico",12:30.9
66.744,-153.6118,3.1,"48km WNW of New Allakaket, Alaska",12/18/2014 22:05
14.592,-92.666,4.3,"29km WSW of Puerto Madero, Mexico",58:15.2
13.8784,-90.9531,4.2,"14km WSW of Puerto San Jose, Guatemala",03:01.6
19.1767,-66.8168,3.1,"76km N of Hatillo, Puerto Rico",59:45.6
61.4103,-149.9118,3.4,"12km S of Big Lake, Alaska",12/18/2014 12:10
16.814,-99.672,4.1,"23km ESE of Acapulco de Juarez, Mexico",12/18/2014 8:58
18.7005,-68.6563,3.2,"5km N of Otra Banda, Dominican Republic",46:28.2
18.9284,-65.1825,3,"70km NNW of Charlotte Amalie, U.S. Virgin Islands",53:00.2
18.3593,-68.5015,3.7,"11km E of Boca de Yuma, Dominican Republic",20:00.2
19.105,-67.895,3.2,Mona Passage,5/10/2008 5:23
19.0055,-68.5774,3.7,"40km NNE of Otra Banda, Dominican Republic",32:07.2
38.4343333,-119.2673333,3.2,"20km N of Bridgeport, California",14:31.7
18.3607,-68.0542,3.4,"44km ESE of Punta Cana, Dominican Republic",42:53.7
32.9504,-88.0198,3.4,"17km NW of Eutaw, Alabama",38:15.6
12.517,-87.4484,4.8,"25km S of Jiquilillo, Nicaragua",12:24.0
36.8689,-98.1236,3.1,"24km ENE of Cherokee, Oklahoma",18:35.6
36.8676,-98.1224,3.4,"24km ENE of Cherokee, Oklahoma",01:26.8
19.5569,-65.2024,3,"137km NNW of Charlotte Amalie, U.S. Virgin Islands",53:38.5
35.4929,-96.8293,3,"6km E of Meeker, Oklahoma",12/15/2014 18:22
36.1821,-97.3721,3.2,"14km SSW of Perry, Oklahoma",01:56.7
41.8652,-119.5943,3.58,"73km ESE of Lakeview, Oregon",46:03.8
33.4331667,-118.097,3.08,"23km ENE of Avalon Catalina Island, California",09:33.6
19.2063,-64.919,3,"93km NNW of Road Town, British Virgin Islands",06:43.3
36.0589,-81.5195,3,"16km N of Lenoir, North Carolina",44:16.6
36.4281667,-120.4061667,3.41,"27km SW of San Joaquin, California",10:43.4
60.2455,-153.0553,3.4,"31km SSW of Redoubt Volcano, Alaska",12/15/2014 5:34
19.1371,-68.5692,3.3,"53km ENE of Miches, Dominican Republic",28:34.3
13.9412,-91.9736,4.6,"40km S of Champerico, Guatemala",57:43.5
59.0645,-136.2312,3.1,"48km WSW of Haines, Alaska",12/15/2014 3:19
36.3126,-96.7571,3,"5km SE of Pawnee, Oklahoma",32:50.7
18.6807,-68.462,3.7,"12km NNW of Punta Cana, Dominican Republic",26:35.8
41.885,-119.6114,3.29,"69km ESE of Lakeview, Oregon",58:02.8
36.3274,-97.5262,3.2,"21km W of Perry, Oklahoma",22:55.2
19.2646,-64.9328,3.2,"99km NNW of Road Town, British Virgin Islands",01:22.3
36.3187,-96.7553,4,"4km ESE of Pawnee, Oklahoma",18:20.5
36.3245,-97.5351,3.1,"22km W of Perry, Oklahoma",07:13.4
54.621,-157.801,3.9,"114km E of Chernabura Island, Alaska",56:23.1
41.8984,-119.6219,3.76,"68km ESE of Lakeview, Oregon",26:51.0
36.3274,-97.5343,3,"22km W of Perry, Oklahoma",09:47.5
36.3258,-97.5324,3.8,"22km W of Perry, Oklahoma",48:41.6
12.4548,-88.6917,4.7,"92km S of Puerto El Triunfo, El Salvador",22:57.3
36.3176,-96.7569,3.1,"4km ESE of Pawnee, Oklahoma",19:54.7
41.864,-119.5996,3.33,"71km ESE of Lakeview, Oregon",28:23.8
36.8706,-98.1272,3.9,"24km ENE of Cherokee, Oklahoma",14:21.1
36.3251,-97.5296,3,"22km W of Perry, Oklahoma",01:42.3
54.4161,-160.8352,3.2,"92km WSW of Chernabura Island, Alaska",12/14/2014 0:34
12.272,-88.898,4.8,"118km SSW of Puerto El Triunfo, El Salvador",12/13/2014 23:52
61.9881,-149.5324,3.2,"25km SE of Y, Alaska",12/13/2014 22:30
64.4325,-149.3839,3.3,"20km SW of North Nenana, Alaska",12/13/2014 15:47
19.2014,-64.8694,3.1,"90km NNW of Road Town, British Virgin Islands",48:43.7
36.3241,-97.5347,3.6,"22km W of Perry, Oklahoma",51:30.7
53.6396,-164.6216,3.2,"93km SE of Akutan, Alaska",12/13/2014 9:26
53.515,-164.5218,3.6,"107km SE of Akutan, Alaska",12/13/2014 7:46
19.8263,-156.4813,4.2,"53km WNW of Kalaoa, Hawaii",42:47.0
18.8738,-67.345,3.1,"49km NNW of San Antonio, Puerto Rico",56:12.2
13.8316,-92.1889,4.2,"59km SSW of Champerico, Guatemala",52:26.7
36.2623,-97.0378,3.3,"16km N of Stillwater, Oklahoma",48:36.9
13.818,-91.9574,4.4,"53km S of Champerico, Guatemala",08:35.8
36.3524,-97.091,3.3,"19km ENE of Perry, Oklahoma",31:46.4
48.8697,-129.2989,4.7,"244km SW of Port Hardy, Canada",08:09.3
13.7081,-91.471,4.2,"57km SSW of Nueva Concepcion, Guatemala",55:07.6
36.8707,-98.1223,3.4,"24km ENE of Cherokee, Oklahoma",51:03.2
36.9511,-97.7998,3.1,"17km NNW of Medford, Oklahoma",57:45.8
18.802,-64.4231,3.4,"47km NNE of Road Town, British Virgin Islands",10:34.5
49.458,-124.007,3.2,"17km W of Sechelt, Canada",12/11/2014 14:53
54.6929,-161.4658,3.3,"94km SW of Sand Point, Alaska",12/11/2014 11:44
36.7616,-98.0542,3.8,"27km E of Cherokee, Oklahoma",53:49.4
67.3628,-145.9784,3.1,"87km SSW of Arctic Village, Alaska",12/11/2014 2:56
13.668,-91.5107,4.8,"63km SSW of Nueva Concepcion, Guatemala",20:40.8
60.7387,-151.0303,3,"15km ENE of Nikiski, Alaska",12/11/2014 0:48
41.8549,-119.6121,3.76,"71km ESE of Lakeview, Oregon",06:29.9
41.861,-119.6307,3.66,"69km ESE of Lakeview, Oregon",46:20.4
36.1473,-97.0076,3,"5km NE of Stillwater, Oklahoma",43:23.7
36.8722,-98.1235,3,"24km ENE of Cherokee, Oklahoma",47:45.3
41.8349,-119.6078,3.24,"72km ESE of Lakeview, Oregon",22:49.7
41.8503,-119.6022,3.43,"72km ESE of Lakeview, Oregon",07:29.5
54.3459,-161.0488,4.1,"108km WSW of Chernabura Island, Alaska",00:49.6
41.8334,-119.622,3.27,"71km ESE of Lakeview, Oregon",53:43.6
41.8452,-119.6079,3.38,"72km ESE of Lakeview, Oregon",52:33.8
41.8401,-119.6133,4.24,"71km ESE of Lakeview, Oregon",50:58.2
65.1531,-149.1174,3.3,"62km NW of Ester, Alaska",12/10/2014 11:32
35.8176,-97.4329,3.1,"6km S of Guthrie, Oklahoma",09:13.9
19.0627,-64.5562,3.4,"71km N of Road Town, British Virgin Islands",12/10/2014 8:00
36.8405,-97.8152,3.1,"8km WNW of Medford, Oklahoma",39:25.2
18.8209,-64.5875,3.3,"44km N of Road Town, British Virgin Islands",40:49.6
19.3752,-109.1392,4,"204km ENE of Socorro Island, Mexico",26:40.7
65.9091,-150.3714,3,"101km N of Manley Hot Springs, Alaska",12/9/2014 13:56
9.8756,-72.2549,4.4,"38km ESE of Machiques, Venezuela",35:43.5
13.5515,-91.4709,4.1,"74km SW of La Gomera, Guatemala",27:01.2
36.751,-97.556,3.2,"17km ESE of Medford, Oklahoma",38:01.3
35.8188,-96.8213,3.7,"14km NNE of Chandler, Oklahoma",28:33.1
63.2592,-150.5714,3.3,"82km W of Cantwell, Alaska",12/9/2014 2:20
8.0339,-82.6697,5.3,"21km E of Punta de Burica, Panama",44:47.1
13.6708,-91.4363,4.4,"60km SSW of Nueva Concepcion, Guatemala",32:49.8
41.8131,-119.6175,3.29,"73km SE of Lakeview, Oregon",15:54.3
35.7378,-97.5863,3.2,"13km NW of Edmond, Oklahoma",05:51.8
13.8371,-91.869,4.4,"51km S of Champerico, Guatemala",53:48.4
7.9401,-82.6865,6.6,"22km ESE of Punta de Burica, Panama",54:52.5
13.644,-91.5303,4.7,"66km SSW of Nueva Concepcion, Guatemala",00:22.4
10.8446,-62.5209,4.4,"31km NNE of Irapa, Venezuela",36:59.1
13.8248,-91.475,4.2,"45km SSW of Nueva Concepcion, Guatemala",54:05.2
18.8572,-67.2918,3,"45km NNW of San Antonio, Puerto Rico",33:08.4
13.746,-91.5924,4.2,"59km SSW of Nueva Concepcion, Guatemala",23:12.6
13.6006,-91.5703,4.2,"72km SSW of Nueva Concepcion, Guatemala",58:10.8
13.7385,-91.5662,4.1,"58km SSW of Nueva Concepcion, Guatemala",52:45.6
13.7939,-91.3917,4.1,"46km SSW of Nueva Concepcion, Guatemala",27:54.5
13.6276,-91.5033,4.7,"67km SSW of Nueva Concepcion, Guatemala",23:12.0
35.8197,-97.4393,3.6,"6km S of Guthrie, Oklahoma",13:08.3
13.4714,-91.6498,4,"89km SSW of Nueva Concepcion, Guatemala",49:27.5
13.6744,-91.4617,6.1,"60km SSW of Nueva Concepcion, Guatemala",16:35.7
34.1752,-96.7559,3,"9km N of Madill, Oklahoma",57:22.5
13.6123,-91.5044,4.5,"68km SSW of Nueva Concepcion, Guatemala",40:59.8
13.7246,-91.4473,4.4,"54km SSW of Nueva Concepcion, Guatemala",05:04.6
13.8464,-60.3161,5,"62km E of Dennery, Saint Lucia",35:45.0
13.7777,-91.498,4.5,"51km SSW of Nueva Concepcion, Guatemala",09:22.6
13.7257,-91.519,4.2,"57km SSW of Nueva Concepcion, Guatemala",51:23.1
36.0031667,-117.9105,3.09,"6km SE of Coso Junction, California",59:05.8
13.7465,-91.3822,5.9,"50km S of Nueva Concepcion, Guatemala",11:31.2
60.1212,-153.1126,3.3,"45km SSW of Redoubt Volcano, Alaska",12/7/2014 11:08
18.781,-68.2873,3.4,"25km NNE of Punta Cana, Dominican Republic",42:44.5
60.8367,-152.379,3.4,"43km NNE of Redoubt Volcano, Alaska",12/7/2014 0:12
7.9824,-82.7339,6,"15km ESE of Punta de Burica, Panama",21:49.0
13.5156,-88.3152,4.4,"4km ENE of Chinameca, El Salvador",06:59.4
19.0265,-66.7561,3.2,"60km N of Hatillo, Puerto Rico",46:17.5
37.379,-118.5208333,3.32,"6km WNW of West Bishop, California",06:02.7
14.6258,-92.612,4.4,"23km WSW of Puerto Madero, Mexico",24:59.6
34.8203333,-116.4153333,3.46,"56km E of Barstow, California",23:19.5
36.7612,-98.0514,3.2,"27km E of Cherokee, Oklahoma",04:22.1
60.7024,-151.9829,3.4,"37km W of Nikiski, Alaska",12/6/2014 3:56
56.979,-154.7521,3.1,"77km SW of Larsen Bay, Alaska",12/6/2014 2:19
59.591,-153.0541,3.3,"71km WSW of Anchor Point, Alaska",12/6/2014 2:16
36.7941667,-121.5168333,3.92,"6km SSE of San Juan Bautista, California",16:07.4
61.7264,-147.5349,3.2,"69km E of Sutton-Alpine, Alaska",12/5/2014 20:44
55.1777,-162.2997,3,"26km E of Cold Bay, Alaska",12/5/2014 16:22
13.4651,-90.9316,4.1,"52km SSW of Puerto San Jose, Guatemala",30:24.6
57.2239,-157.4616,3.2,"134km NE of Chignik Lake, Alaska",12/5/2014 13:48
61.8069,-150.8181,3.4,"41km W of Willow, Alaska",12/5/2014 11:30
13.4504,-90.9098,4.8,"53km S of Puerto San Jose, Guatemala",17:42.8
17.3718,-92.5573,4,"8km WSW of Tila, Mexico",24:11.1
54.0061,-163.4888,3.2,"94km S of False Pass, Alaska",12/5/2014 8:34
18.7569,-64.7425,3.4,"39km NNW of Road Town, British Virgin Islands",06:23.8
36.023,-97.0946,3.7,"7km NW of Perkins, Oklahoma",54:22.5
18.4841,-66.0595,3,"5km ENE of San Juan, Puerto Rico",15:48.6
22.8483,-108.9066,4.1,"84km ESE of San Jose del Cabo, Mexico",36:42.3
35.8999,-97.2543,3.1,"5km S of Langston, Oklahoma",29:58.8
15.18,-93.345,4.3,"55km WSW of Mapastepec, Mexico",28:54.8
37.1075,-121.8128333,3.19,"9km NNE of Day Valley, California",28:37.7
36.758,-97.5781,3.5,"14km ESE of Medford, Oklahoma",04:17.8
33.9631667,-116.6346667,3.56,"10km SSW of Morongo Valley, California",53:21.2
40.388,-125.3838333,4.29,"97km WSW of Ferndale, California",09:06.4
41.8437,-119.6168,3.1,"71km ESE of Lakeview, Oregon",59:43.7
36.2871,-97.4335,3,"13km W of Perry, Oklahoma",34:52.3
53.3977,-165.4107,3,"85km SSE of Akutan, Alaska",12/4/2014 10:50
37.2012,-98.007,3.1,"5km NNE of Anthony, Kansas",47:43.4
36.4207,-97.2902,3,"14km N of Perry, Oklahoma",38:29.4
37.9735,-118.6686667,3.13,"44km NE of Mammoth Lakes, California",37:33.0
35.8197,-97.4383,3.2,"6km S of Guthrie, Oklahoma",39:43.3
41.8798,-119.6357,4.16,"68km ESE of Lakeview, Oregon",24:52.2
19.6904,-109.0313,4.4,"228km ENE of Socorro Island, Mexico",24:44.6
19.2327,-66.277,3,"85km N of Dorado, Puerto Rico",43:09.2
36.5021,-99.0279,3.7,"17km ENE of Mooreland, Oklahoma",33:33.6
19.1511,-64.5248,3.3,"81km N of Road Town, British Virgin Islands",40:54.8
55.1478,-161.127,3.3,"45km WSW of Sand Point, Alaska",12/3/2014 7:33
17.534,-92.476,4.5,"14km N of Tila, Mexico",47:08.6
15.982,-98.432,4.2,"53km S of Cuajinicuilapa, Mexico",05:56.1
55.9528,-156.4657,3.5,"54km WNW of Chirikof Island, Alaska",12/3/2014 3:28
41.8745,-119.6287,3,"68km ESE of Lakeview, Oregon",13:54.1
19.2203,-64.8533,3,"92km NNW of Road Town, British Virgin Islands",19:58.7
34.275,-116.73,4.2,Southern California,46:17.8
19.5686,-70.7312,3.6,"3km NNE of Palmar Arriba, Dominican Republic",10:50.8
37.1054,-104.9393,3,"39km W of Trinidad, Colorado",57:20.3
63.5401,-150.9298,3.4,"100km W of Cantwell, Alaska",12/2/2014 20:10
55.5781,-161.4929,3.1,"68km WNW of Sand Point, Alaska",12/2/2014 18:47
36.1767,-97.2641,3,"12km S of Perry, Oklahoma",25:53.5
22.0892,-108.3915,4.3,"171km SE of San Jose del Cabo, Mexico",51:11.6
37.2621,-97.6335,3,"14km S of Conway Springs, Kansas",40:13.5
35.671,-97.3788,3.4,"9km ENE of Edmond, Oklahoma",04:29.4
11.5683,-85.9736,4.4,"11km NW of Belen, Nicaragua",12/2/2014 9:29
16.9289,-100.172,4.1,"16km SW of Coyuca de Benitez, Mexico",01:56.2
13.633,-93.413,4.3,"161km SW of Puerto Madero, Mexico",31:32.3
41.9226667,-125.9213333,3.21,"135km WSW of Gold Beach, Oregon",20:36.8
68.7497,-144.8795,3.1,"74km NNE of Arctic Village, Alaska",12/1/2014 19:41
36.4955,-99.0834,3.3,"12km ENE of Mooreland, Oklahoma",57:28.7
47.9475,-114.8878,3.5,"50km WSW of Kalispell, Montana",13:45.4
47.9418,-114.896,3.1,"50km W of Lakeside, Montana",40:47.4
34.9784,-111.7636,3.2,"12km NNE of West Sedona, Arizona",53:44.2
34.9216,-111.6797,3,"9km NE of Sedona, Arizona",44:06.9
35.0423,-111.7276,4.7,"6km SSW of Kachina Village, Arizona",57:37.0
15.0486,-61.3463,4.1,"20km S of Berekua, Dominica",58:27.8
62.3488,-147.6262,3,"88km NE of Sutton-Alpine, Alaska",12/1/2014 3:33
60.9639,-146.7629,3.8,"29km SW of Valdez, Alaska",12/1/2014 0:10
60.9639,-146.7629,3.8,"29km SW of Valdez, Alaska",12/1/2014 0:10
44.9888,-111.8663,3.3,"34km S of Virginia City, Montana",59:56.1
19.5247,-156.4638,3.5,"50km WSW of Kailua-Kona, Hawaii",46:30.1
18.7994,-64.3376,3.3,"51km NE of Road Town, British Virgin Islands",51:13.7
19.0463,-64.8574,3,"74km NNW of Road Town, British Virgin Islands",25:41.6
35.6727,-97.3788,3.3,"9km ENE of Edmond, Oklahoma",18:58.7
36.6028,-97.6068,4,"25km SSE of Medford, Oklahoma",24:44.4
36.6013,-97.7654,3,"22km S of Medford, Oklahoma",11/30/2014 8:54
18.8174,-64.4306,3.3,"48km NNE of Road Town, British Virgin Islands",11/30/2014 8:35
35.5382,-96.7714,3.6,"9km NW of Prague, Oklahoma",11/30/2014 6:59
32.5035,-97.1328,3.4,"6km S of Mansfield, Texas",52:24.0
11.1029,-86.4754,4.3,"68km WSW of San Juan del Sur, Nicaragua",48:05.1
19.0485,-65.0306,3.1,"78km N of Charlotte Amalie, U.S. Virgin Islands",20:47.8
40.273,-125.3891667,3.31,"101km WSW of Ferndale, California",48:37.6
62.5442,-148.058,4.6,"93km NNE of Sutton-Alpine, Alaska",11/29/2014 21:06
15.8156,-92.2003,4.1,"8km NE of Chicomuselo, Mexico",28:08.1
12.9288,-90.4922,3.7,"102km SW of Acajutla, El Salvador",53:17.1
41.9065,-119.6322,3.35,"66km ESE of Lakeview, Oregon",30:07.9
15.286,-91.978,4.2,"7km N of San Jose Ojetenan, Guatemala",11/29/2014 11:28
62.7236,-150.485,4.8,"48km NNW of Talkeetna, Alaska",11/29/2014 4:14
52.3381,-163.077,4.2,"269km SE of Akutan, Alaska",11/28/2014 16:47
14.135,-92.656,4,"64km SW of Ocos, Guatemala",55:51.8
36.6286,-97.981,3,"27km NNW of Enid, Oklahoma",36:36.1
34.257,-116.449,3.3,Southern California,41:18.0
8.7379,-77.4897,5.1,"34km NW of Acandi, Colombia",36:24.7
29.359,-102.5222,3.4,"87km S of Sanderson, Texas",16:58.6
36.8192,-97.711,3,"2km NE of Medford, Oklahoma",35:25.9
19.0048,-65.2229,3.3,"78km N of Culebra, Puerto Rico",14:18.9
19.3694,-65.102,3.4,"115km N of Charlotte Amalie, U.S. Virgin Islands",17:24.3
19.0659,-64.9684,3,"80km N of Charlotte Amalie, U.S. Virgin Islands",59:03.2
19.117,-64.7362,3.1,"78km N of Road Town, British Virgin Islands",56:35.2
9.1923,-75.2228,4.4,"9km SSE of San Juan de Betulia, Colombia",43:30.9
19.0025,-65.1729,3.1,"77km NNW of Charlotte Amalie, U.S. Virgin Islands",52:47.6
18.035,-102.3651,4.3,"15km W of Las Guacamayas, Mexico",39:22.2
58.5958,-154.0629,3,"117km N of Larsen Bay, Alaska",11/27/2014 16:17
59.9493,-152.7901,3,"57km WNW of Anchor Point, Alaska",11/27/2014 12:45
18.2744,-104.3553,4.8,"83km SSW of Armeria, Mexico",31:13.4
36.5886,-97.8084,3.1,"22km NNE of Enid, Oklahoma",54:23.9
8.2386,-104.113,5.4,Northern East Pacific Rise,26:00.5
35.8173,-97.4303,3,"6km S of Guthrie, Oklahoma",11/26/2014 19:29
36.1146,-97.3101,3.1,"19km S of Perry, Oklahoma",54:04.4
62.5175,-152.1026,3,"105km WNW of Talkeetna, Alaska",11/26/2014 16:26
35.8153,-97.419,3.3,"7km S of Guthrie, Oklahoma",56:40.6
50.5408,-139.6884,4.7,West of Vancouver Island,15:40.5
56.5367,-156.2121,4.3,"87km NNW of Chirikof Island, Alaska",11/26/2014 10:05
36.8171,-97.7105,3,"2km ENE of Medford, Oklahoma",14:25.8
11.7998,-87.3447,4.4,"77km SSW of Corinto, Nicaragua",03:41.8
62.1556,-152.0734,3.1,"103km W of Talkeetna, Alaska",11/26/2014 5:52
65.6479,-136.5812,3.5,"213km SSW of Fort McPherson, Canada",11/26/2014 5:06
53.712,-161.0071,4,"152km SW of Chernabura Island, Alaska",11/26/2014 3:47
36.8106,-97.8672,3.5,"11km W of Medford, Oklahoma",32:55.2
35.8184,-97.4304,3.4,"6km S of Guthrie, Oklahoma",04:21.8
36.8201,-97.7191,3.6,"1km NE of Medford, Oklahoma",11/25/2014 14:43
34.956,-111.7683,3.5,"9km N of Sedona, Arizona",19:18.2
18.1103,-67.9294,3.2,"72km SE of Punta Cana, Dominican Republic",34:49.4
41.8988,-119.6266,3.45,"67km ESE of Lakeview, Oregon",32:44.6
58.9508,-134.7676,3.2,"49km SE of Haines, Alaska",34:31.3
18.8871,-64.9814,3,"60km N of Charlotte Amalie, U.S. Virgin Islands",11/25/2014 2:30
36.8567,-97.8444,3,"11km WNW of Medford, Oklahoma",43:39.3
35.8167,-97.4363,3,"6km S of Guthrie, Oklahoma",16:51.7
19.4375,-64.523,3.4,"113km N of Road Town, British Virgin Islands",37:03.7
18.8575,-63.9987,3.3,"81km NE of Road Town, British Virgin Islands",25:52.2
18.6937,-68.8059,3.7,"13km NW of Salvaleon de Higuey, Dominican Republic",17:03.9
36.8728,-98.3353,3.7,"13km N of Cherokee, Oklahoma",05:57.5
19.2576,-64.3431,3.7,"97km NNE of Road Town, British Virgin Islands",27:05.8
58.0899,-155.0073,3,"86km NW of Larsen Bay, Alaska",11/24/2014 14:18
36.3264,-97.5278,3,"21km W of Perry, Oklahoma",08:10.3
14.923,-97.498,4.4,"112km SSW of Puerto Escondido, Mexico",39:22.8
19.5418,-156.3588,3.1,"39km WSW of Kailua-Kona, Hawaii",48:53.4
35.816,-97.433,3.5,"7km S of Guthrie, Oklahoma",11/24/2014 8:28
36.118,-97.2475,3,"17km W of Stillwater, Oklahoma",17:17.4
36.327,-97.5289,3.4,"22km W of Perry, Oklahoma",55:53.7
36.3276,-97.531,3.8,"22km W of Perry, Oklahoma",36:08.6
53.5205,-165.1565,3.5,"79km SSE of Akutan, Alaska",11/24/2014 6:33
19.17,-64.3273,3,"88km NNE of Road Town, British Virgin Islands",16:35.8
19.5109,-64.5264,3.4,"121km N of Road Town, British Virgin Islands",23:35.6
19.0615,-64.0392,3,"93km NE of Road Town, British Virgin Islands",22:33.9
19.2103,-64.3618,3.1,"91km NNE of Road Town, British Virgin Islands",17:36.7
19.2105,-64.3715,3.2,"91km NNE of Road Town, British Virgin Islands",14:11.3
19.4762,-64.397,3.2,"119km N of Road Town, British Virgin Islands",52:33.2
19.377,-64.4004,3.6,"108km NNE of Road Town, British Virgin Islands",47:58.9
19.031,-64.3543,3.2,"73km NNE of Road Town, British Virgin Islands",32:32.7
18.9993,-64.2908,3.2,"73km NNE of Road Town, British Virgin Islands",30:10.3
19.5009,-64.5824,3.2,"120km N of Road Town, British Virgin Islands",28:21.1
19.1394,-64.3865,3.5,"83km NNE of Road Town, British Virgin Islands",23:33.8
19.097,-64.287,3.4,"82km NNE of Road Town, British Virgin Islands",16:13.6
19.447,-64.362,3.4,"117km NNE of Road Town, British Virgin Islands",08:02.3
13.8227,-91.9912,4.6,"53km S of Champerico, Guatemala",01:44.7
41.8735,-119.6275,3.1,"69km ESE of Lakeview, Oregon",59:40.9
60.4834,-151.1591,3.2,"5km W of Soldotna, Alaska",11/23/2014 21:22
13.5509,-90.0829,4.3,"28km W of Acajutla, El Salvador",04:17.4
19.4265,-155.26,3.3,"2km WSW of Volcano, Hawaii",35:39.8
60.449,-151.0377,4.1,"4km SSE of Soldotna, Alaska",11/23/2014 17:32
43.8645,-128.4685,4.9,Off the coast of Oregon,50:48.0
43.7536,-128.4602,3.3,Off the coast of Oregon,32:10.7
43.8195,-128.5466,5.2,Off the coast of Oregon,01:25.1
43.9011,-128.3407,3.4,Off the coast of Oregon,51:38.8
35.4947,-97.2623,3,"0km ESE of Choctaw, Oklahoma",50:23.2
36.8291,-97.8669,3.4,"12km WNW of Medford, Oklahoma",25:58.4
43.8513,-128.2968,4.2,Off the coast of Oregon,35:45.5
43.906,-128.1006,3.7,Off the coast of Oregon,25:20.7
32.8346,-96.8932,3.3,"5km ENE of Irving, Texas",15:47.8
18.6763,-68.4657,3.4,"16km SW of Salvaleon de Higuey, Dominican Republic",04:59.9
31.8078333,-115.716,3.41,"98km SSW of Calexico, California",26:29.4
62.9883,-149.8794,3.2,"64km SW of Cantwell, Alaska",11/22/2014 19:33
36.5947,-97.6484,3.1,"24km SSE of Medford, Oklahoma",31:34.8
19.8225,-156.2077,3.3,"25km WNW of Kalaoa, Hawaii",58:05.4
36.6375,-97.7712,3,"19km S of Medford, Oklahoma",54:45.6
36.64,-97.7734,3.5,"18km S of Medford, Oklahoma",36:06.3
18.9316,-65.2454,3.2,"69km N of Culebra, Puerto Rico",11:17.2
63.4463,-149.2091,3.3,"14km WNW of Cantwell, Alaska",11/22/2014 11:31
36.7562,-97.5783,3.7,"14km ESE of Medford, Oklahoma",11/22/2014 9:39
16.031,-98.676,4.1,"54km S of Tecoanapa, Mexico",52:24.8
52.7896,-161.3405,3.2,"251km SSW of Chernabura Island, Alaska",11/22/2014 8:37
41.8538,-119.5936,3.8,"72km ESE of Lakeview, Oregon",41:11.6
14.1903,-91.8247,4.3,"15km SE of Champerico, Guatemala",39:48.8
41.8718,-119.6127,3.55,"70km ESE of Lakeview, Oregon",40:22.5
36.1182,-97.4354,3.1,"23km SW of Perry, Oklahoma",11/22/2014 2:39
41.8662,-119.6074,3.05,"70km ESE of Lakeview, Oregon",05:39.0
18.279,-100.84,4.1,"20km WSW of Ciudad Altamirano, Mexico",11/22/2014 0:08
12.8894,-88.3055,4.3,"40km SSW of Chirilagua, El Salvador",15:51.6
41.8729,-119.611,4.03,"70km ESE of Lakeview, Oregon",20:28.2
39.9711667,-120.7353333,3.16,"14km ENE of East Quincy, California",49:41.5
36.8791,-98.2434,3,"17km NE of Cherokee, Oklahoma",56:17.2
13.3694,-91.1992,4.6,"73km SSW of Puerto San Jose, Guatemala",43:32.2
36.8464,-97.8961,3.3,"15km WNW of Medford, Oklahoma",03:42.4
41.8855,-119.6082,3,"69km ESE of Lakeview, Oregon",12:29.3
19.2042,-65.1819,3.1,"99km NNW of Charlotte Amalie, U.S. Virgin Islands",28:12.9
19.232,-65.1595,3.4,"101km NNW of Charlotte Amalie, U.S. Virgin Islands",22:19.6
19.1919,-65.1642,3.1,"97km NNW of Charlotte Amalie, U.S. Virgin Islands",29:48.5
19.2782,-65.1491,3.3,"106km NNW of Charlotte Amalie, U.S. Virgin Islands",05:06.3
53.594,-164.413,3.3,"107km ESE of Akutan, Alaska",04:02.7
41.8722,-119.6057,3.2,"70km ESE of Lakeview, Oregon",31:03.4
59.644,-152.6119,3,"46km WSW of Anchor Point, Alaska",11/20/2014 16:03
32.9411,-88.0317,3.8,"17km NW of Eutaw, Alabama",25:31.5
60.1639,-152.9863,3.3,"38km SSW of Redoubt Volcano, Alaska",11/20/2014 7:29
36.8058333,-121.536,4.23,"4km S of San Juan Bautista, California",26:49.3
36.8076667,-121.5303333,3.64,"4km S of San Juan Bautista, California",21:27.6
18.2325,-68.071,3.1,"52km SE of Punta Cana, Dominican Republic",50:57.2
52.2803,-168.2357,4.2,"84km SSE of Nikolski, Alaska",11/20/2014 3:46
17.8187,-68.5672,3.1,"62km S of Boca de Yuma, Dominican Republic",14:27.6
56.0102,-161.5659,4.4,"100km NW of Sand Point, Alaska",11/20/2014 1:08
19.2033,-67.7796,3.3,"95km NE of Punta Cana, Dominican Republic",46:02.8
52.9576,-167.4611,4.3,"94km E of Nikolski, Alaska",11/19/2014 18:52
60.1945,-152.6869,3.2,"32km S of Redoubt Volcano, Alaska",11/19/2014 16:57
36.9952,-97.9171,3.2,"20km SSE of Anthony, Kansas",17:29.5
60.4879,-151.1681,3.2,"6km W of Soldotna, Alaska",11/19/2014 13:48
36.1967,-96.7209,3,"9km NNW of Yale, Oklahoma",28:52.7
36.8446,-97.8991,3.1,"15km WNW of Medford, Oklahoma",19:02.1
14.766,-93.3787,4.5,"90km SW of Mapastepec, Mexico",50:25.1
14.7935,-93.3193,5,"83km SSW of Mapastepec, Mexico",39:49.8
61.7838,-149.1389,3.8,"6km NE of Fishhook, Alaska",11/19/2014 8:44
36.5897,-98.2562,3.1,"4km NNE of Helena, Oklahoma",06:50.9
35.9281,-97.4407,3.3,"5km NNW of Guthrie, Oklahoma",34:24.7
12.4519,-87.9912,4.2,"67km WSW of Jiquilillo, Nicaragua",17:44.9
12.4708,-88.0688,4.5,"73km WSW of Jiquilillo, Nicaragua",05:39.7
55.8846,-157.7403,3.5,"75km ESE of Chignik Lake, Alaska",11/19/2014 1:30
36.2809,-96.9742,3.4,"16km WSW of Pawnee, Oklahoma",43:55.1
36.8659,-98.3346,3.6,"12km N of Cherokee, Oklahoma",16:07.6
18.4941,-106.1715,4.1,"174km WSW of San Patricio, Mexico",29:36.7
16.832,-100.186,4.6,"25km SSW of Coyuca de Benitez, Mexico",27:48.1
18.6651,-67.1348,3.2,"19km N of San Antonio, Puerto Rico",23:58.2
53.688,-164.3792,3.3,"104km ESE of Akutan, Alaska",11/17/2014 23:43
60.0324,-153.403,3.6,"62km SW of Redoubt Volcano, Alaska",11/17/2014 23:27
41.9238,-119.6281,3.48,"66km ESE of Lakeview, Oregon",04:58.2
61.5511,-140.6553,3,"185km NNE of Cape Yakataga, Alaska",11/17/2014 21:03
36.4215,-97.037,3,"22km WNW of Pawnee, Oklahoma",40:52.3
41.2138,-127.544,3.2,"285km W of Crescent City, California",32:07.5
41.1376,-126.9482,3.3,"234km WNW of Ferndale, California",26:47.4
18.7399,-67.1576,3.5,"28km NNW of San Antonio, Puerto Rico",21:40.2
18.4615,-106.4442,4.7,"201km WSW of San Patricio, Mexico",34:44.3
59.899,-151.7715,3,"14km NNE of Anchor Point, Alaska",11/17/2014 14:34
41.9278,-119.6276,4.02,"66km ESE of Lakeview, Oregon",16:13.5
18.4392,-106.3308,4.6,"192km WSW of San Patricio, Mexico",48:17.9
18.5041,-106.3053,4.5,"186km WSW of San Patricio, Mexico",28:19.4
63.0805,-151.4834,3.1,"109km NW of Talkeetna, Alaska",11/17/2014 3:52
37.1918,-98.0232,3.1,"4km N of Anthony, Kansas",21:01.6
16.066,-97.605,4.3,"31km SW of San Miguel Panixtlahuaca, Mexico",51:16.1
36.2796,-97.2361,3.3,"4km ESE of Perry, Oklahoma",41:49.6
60.2624,-153.5376,3,"50km WSW of Redoubt Volcano, Alaska",11/16/2014 14:38
53.9039,-163.1971,3,"106km S of False Pass, Alaska",33:05.5
36.2777,-96.9308,3.2,"13km WSW of Pawnee, Oklahoma",32:40.4
10.5654,-86.0584,5.2,"45km W of Sardinal, Costa Rica",21:21.3
37.1778,-98.019,3.1,"2km NNE of Anthony, Kansas",59:12.6
19.6674,-65.56,3.1,"140km NNE of Vieques, Puerto Rico",52:37.5
36.0649,-97.3241,3.4,"14km NNW of Langston, Oklahoma",26:40.1
18.9531,-64.9705,3.4,"67km N of Charlotte Amalie, U.S. Virgin Islands",26:30.3
18.9727,-68.3125,3.1,"44km NNE of Punta Cana, Dominican Republic",41:32.6
10.264,-69.3613,4.5,"21km NNW of Barquisimeto, Venezuela",06:02.1
13.5738,-90.5921,4.8,"41km SSE of Iztapa, Guatemala",09:02.0
13.496,-90.8333,4.7,"47km S of Puerto San Jose, Guatemala",08:30.1
13.261,-90.8665,4.4,"73km S of Puerto San Jose, Guatemala",05:18.3
41.9138,-119.6294,3.13,"66km ESE of Lakeview, Oregon",40:03.0
41.0409,-106.9026,3.3,"46km S of Saratoga, Wyoming",02:39.6
41.8769,-119.6371,3.12,"68km ESE of Lakeview, Oregon",20:57.0
18.5895,-102.0893,4.1,"22km ESE of La Mira Tumbiscatio, Mexico",02:16.0
41.9241,-119.6444,3.81,"65km ESE of Lakeview, Oregon",58:38.7
36.6169,-97.7098,3.4,"21km S of Medford, Oklahoma",39:57.6
41.8994,-119.6261,3.04,"67km ESE of Lakeview, Oregon",23:36.4
37.2293,-98.0328,3.8,"6km S of Harper, Kansas",18:13.5
15.915,-94.177,4.1,"35km WSW of Paredon, Mexico",49:01.1
14.686,-93.792,4,"126km SW of Mapastepec, Mexico",24:07.5
18.6,-67.0235,3,"10km N of Isabela, Puerto Rico",25:45.4
41.8873,-119.642,3.2,"67km ESE of Lakeview, Oregon",18:48.5
19.314,-155.2183,3.6,"13km S of Volcano, Hawaii",06:15.7
48.403,-114.24,3.9,"5km NW of Columbia Falls, Montana",58:48.4
13.7132,-90.3309,4.7,"32km SSW of Pasaco, Guatemala",15:31.6
41.8942,-119.615,3.01,"68km ESE of Lakeview, Oregon",03:52.1
18.903,-68.5475,3.4,"30km NNW of Otra Banda, Dominican Republic",11/14/2014 19:00
36.0238,-97.0914,3,"7km NW of Perkins, Oklahoma",41:54.7
31.6841667,-114.538,3.96,"113km S of Yuma, Arizona",24:35.6
41.9365,-119.6244,3.57,"65km ESE of Lakeview, Oregon",16:15.3
36.6258,-98.0001,3.6,"25km ENE of Helena, Oklahoma",58:31.1
57.7435,-157.4294,3.3,"114km SSW of King Salmon, Alaska",11/14/2014 10:00
37.4673333,-118.8416667,3.18,"23km SSE of Mammoth Lakes, California",42:45.4
36.8431,-97.8774,3,"13km WNW of Medford, Oklahoma",43:23.8
36.8442,-97.8855,3.1,"14km WNW of Medford, Oklahoma",34:56.8
36.8477,-97.8768,3,"13km WNW of Medford, Oklahoma",10:19.8
36.8455,-97.8767,3.3,"13km WNW of Medford, Oklahoma",11/14/2014 7:06
56.8049,-153.0612,4,"98km SE of Larsen Bay, Alaska",11/14/2014 6:04
36.1653,-96.9009,3,"15km ENE of Stillwater, Oklahoma",54:32.5
18.1364,-64.1153,3.1,"61km ESE of Road Town, British Virgin Islands",49:19.2
41.8596,-119.6326,3.14,"69km ESE of Lakeview, Oregon",29:30.9
13.1221,-87.5824,5.2,"20km SSE of Amapala, Honduras",14:00.1
36.7532,-97.5616,3.2,"16km ESE of Medford, Oklahoma",34:23.8
27.7355,-105.6056,3.7,"17km SW of Naica, Mexico",41:13.8
59.9774,-151.9596,3.1,"23km NNW of Anchor Point, Alaska",11/13/2014 12:44
41.9009,-119.6224,4.59,"67km ESE of Lakeview, Oregon",36:07.5
41.8836,-119.6411,3.19,"67km ESE of Lakeview, Oregon",02:33.7
41.8897,-119.6399,3.12,"67km ESE of Lakeview, Oregon",41:49.1
12.936,-88.644,3.7,"39km SSW of Puerto El Triunfo, El Salvador",11/13/2014 5:18
19.1795,-68.7003,3.9,"42km ENE of Miches, Dominican Republic",10:37.1
41.8822,-119.6344,3.17,"68km ESE of Lakeview, Oregon",25:41.7
26.565,-111.8059,4.2,"39km SSE of Mulege, Mexico",07:32.5
35.3504,-96.5389,3.6,"16km SSW of Boley, Oklahoma",28:31.3
14.737,-92.557,4.4,"14km W of Puerto Madero, Mexico",42:59.2
37.2713,-97.6206,4.9,"13km S of Conway Springs, Kansas",40:00.5
36.6485,-97.6016,3.1,"21km SE of Medford, Oklahoma",11/12/2014 21:37
44.0327,-128.9582,4.3,Off the coast of Oregon,14:06.0
41.9003,-119.6447,3.05,"66km ESE of Lakeview, Oregon",40:48.5
41.8872,-119.6482,3.43,"66km ESE of Lakeview, Oregon",17:52.1
41.873,-119.6363,3.27,"68km ESE of Lakeview, Oregon",52:54.4
41.8812,-119.6545,4.11,"66km ESE of Lakeview, Oregon",42:55.7
18.2208,-68.4298,3.7,"25km SE of Boca de Yuma, Dominican Republic",15:40.1
13.8631,-90.7793,4.4,"8km SE of Puerto San Jose, Guatemala",03:28.3
19.2733,-68.5582,3.7,"60km ENE of Miches, Dominican Republic",10:28.6
19.4529,-64.5955,3.4,"114km N of Road Town, British Virgin Islands",13:09.4
36.765,-97.5605,3,"16km ESE of Medford, Oklahoma",17:11.7
47.947,-114.903,3.7,"51km W of Lakeside, Montana",33:23.5
41.9041,-119.6573,3.08,"65km ESE of Lakeview, Oregon",24:58.9
60.6035,-57.8042,4.3,Davis Strait,24:24.0
41.9033,-119.6346,3.04,"66km ESE of Lakeview, Oregon",40:32.3
42.5041,-111.5625,3.3,"17km SSE of Soda Springs, Idaho",16:30.6
62.9789,-149.7443,3,"60km SW of Cantwell, Alaska",11/11/2014 14:54
36.7559,-97.5648,3.5,"16km ESE of Medford, Oklahoma",09:41.9
41.8921,-119.6203,3.28,"68km ESE of Lakeview, Oregon",57:10.9
19.0035,-64.4244,3,"68km NNE of Road Town, British Virgin Islands",39:18.9
40.4006667,-121.4791667,3.85,"23km WNW of Chester, California",35:32.3
41.9211,-119.631,3.17,"66km ESE of Lakeview, Oregon",30:24.8
13.2165,-90.8583,4.1,"78km S of Puerto San Jose, Guatemala",54:31.4
61.244,-147.0221,3.5,"38km WNW of Valdez, Alaska",11/10/2014 21:44
61.2438,-147.0229,3.1,"38km WNW of Valdez, Alaska",11/10/2014 21:22
61.3835,-149.7111,3.3,"15km SSW of Knik-Fairview, Alaska",11/10/2014 19:22
13.2304,-90.869,4.9,"77km S of Puerto San Jose, Guatemala",22:35.1
61.5402,-140.7113,3.4,"189km NNE of Cape Yakataga, Alaska",11/10/2014 17:17
41.9014,-119.6215,3.11,"67km ESE of Lakeview, Oregon",18:17.8
19.7448,-156.0647,3.8,"8km WNW of Kalaoa, Hawaii",11/10/2014 15:39
41.8628,-119.6066,3.48,"71km ESE of Lakeview, Oregon",11:12.9
18.0641,-68.3107,3.7,"32km SE of Boca de Yuma, Dominican Republic",57:55.4
12.0819,-86.3873,4.7,"9km SSW of Ciudad Sandino, Nicaragua",46:23.0
32.8666667,-118.6535,4.11,"19km SSW of San Clemente Is. (NW tip), California",42:42.8
32.8556667,-118.5988333,3.44,"20km S of San Clemente Is. (NW tip), California",40:14.0
41.9171,-119.6386,3.59,"65km ESE of Lakeview, Oregon",43:13.5
36.7555,-97.5646,3.5,"16km ESE of Medford, Oklahoma",30:56.7
36.0242,-97.093,3.1,"7km NW of Perkins, Oklahoma",11:30.3
41.9148,-119.6483,3.19,"65km ESE of Lakeview, Oregon",19:29.7
41.8923,-119.6145,3.23,"68km ESE of Lakeview, Oregon",39:46.2
36.0244,-97.0975,3.8,"8km NW of Perkins, Oklahoma",10:18.9
41.909,-119.6588,3.29,"64km ESE of Lakeview, Oregon",32:27.5
59.0348,-152.9418,3.2,"103km SW of Anchor Point, Alaska",11/9/2014 18:56
36.3306,-97.5206,3.1,"21km WNW of Perry, Oklahoma",39:54.7
41.9017,-119.6171,3.06,"68km ESE of Lakeview, Oregon",22:44.3
13.1232,-90.9951,4.4,"90km SSW of Puerto San Jose, Guatemala",37:56.8
41.8718,-119.6069,3.63,"70km ESE of Lakeview, Oregon",40:47.4
36.2761,-97.2619,3.1,"2km ESE of Perry, Oklahoma",55:44.7
12.8854,-72.5905,4.4,"123km N of Manaure, Colombia",46:26.8
44.5339,-129.648,4.4,Off the coast of Oregon,24:13.8
36.7135,-98.0413,3,"27km NE of Helena, Oklahoma",20:39.2
36.3298,-97.5266,3.3,"21km WNW of Perry, Oklahoma",35:15.5
13.1978,-90.9934,4.9,"82km SSW of Puerto San Jose, Guatemala",14:06.8
56.0006,-161.4641,3.4,"95km NW of Sand Point, Alaska",11/8/2014 20:47
13.5235,-90.7918,4.2,"44km S of Puerto San Jose, Guatemala",47:54.9
41.8957,-119.6124,3.25,"68km ESE of Lakeview, Oregon",25:30.7
18.2845,-68.1829,3.2,"40km SE of Punta Cana, Dominican Republic",53:55.1
62.735,-148.7477,3.6,"73km S of Cantwell, Alaska",11/8/2014 14:00
65.1444,-148.9942,3.1,"56km NW of Ester, Alaska",11/8/2014 12:54
41.8794,-119.6114,3.19,"69km ESE of Lakeview, Oregon",27:29.9
36.3933,-97.2978,3,"11km N of Perry, Oklahoma",10:18.5
36.1734,-96.8468,3,"14km WNW of Yale, Oklahoma",28:00.8
12.1763,-88.1354,4.2,"97km SW of Jiquilillo, Nicaragua",59:36.9
17.8978,-68.5904,3.1,"53km S of Boca de Yuma, Dominican Republic",11/8/2014 7:34
38.7868333,-122.7623333,3.21,"1km NNW of The Geysers, California",21:27.1
13.888,-93.275,4.1,"130km SW of Puerto Madero, Mexico",01:27.2
41.9135,-119.6466,3.27,"65km ESE of Lakeview, Oregon",29:33.6
41.9079,-119.6385,3.25,"66km ESE of Lakeview, Oregon",27:41.7
53.3928,-160.4059,3.1,"164km SSW of Chernabura Island, Alaska",11/8/2014 2:05
41.8933,-119.6081,3.1,"69km ESE of Lakeview, Oregon",52:21.4
41.8767,-119.6263,3.03,"68km ESE of Lakeview, Oregon",47:43.5
26.3303,-110.7131,4,"72km ENE of Loreto, Mexico",04:26.8
36.6065,-97.8147,3.2,"23km SSW of Medford, Oklahoma",08:51.4
41.8911,-119.6192,3.55,"68km ESE of Lakeview, Oregon",19:55.4
41.8694,-119.6218,3.35,"69km ESE of Lakeview, Oregon",39:20.3
41.9036,-119.633,3.03,"66km ESE of Lakeview, Oregon",24:09.1
18.9311,-65.9822,3,"53km NNE of San Juan, Puerto Rico",07:39.5
41.842,-119.6313,3.12,"70km ESE of Lakeview, Oregon",24:31.5
61.3221,-150.0936,3.4,"15km NW of Anchorage, Alaska",11/7/2014 11:25
41.9143,-126.3465,3.2,"168km WSW of Gold Beach, Oregon",53:59.0
41.8805,-119.6299,4.68,"68km ESE of Lakeview, Oregon",05:54.9
41.9137,-119.6021,4.14,"68km ESE of Lakeview, Oregon",58:40.5
41.8716,-119.6285,3.28,"69km ESE of Lakeview, Oregon",06:07.7
13.7219,-92.0519,4.6,"65km SSW of Champerico, Guatemala",48:11.0
13.6351,-90.6693,5.2,"33km S of Iztapa, Guatemala",59:20.0
41.9311,-119.6509,3.35,"64km ESE of Lakeview, Oregon",51:11.6
63.5044,-148.9936,3.4,"12km N of Cantwell, Alaska",11/7/2014 0:11
41.9316,-119.5816,3.09,"69km ESE of Lakeview, Oregon",53:18.8
63.2938,-151.2345,3.6,"114km W of Cantwell, Alaska",11/6/2014 23:30
19.25,-64.4964,3.2,"93km N of Road Town, British Virgin Islands",32:45.3
42.259,-127.0427,3,"216km W of Gold Beach, Oregon",32:20.7
31.4348,-115.333,3.7,"65km NW of San Felipe, Mexico",11/6/2014 16:56
41.9055,-119.625,4.21,"67km ESE of Lakeview, Oregon",58:01.4
60.0137,-153.2947,4,"60km SSW of Redoubt Volcano, Alaska",11/6/2014 15:46
41.9215,-119.6581,3.5,"64km ESE of Lakeview, Oregon",41:29.8
41.8828,-119.6487,3.12,"66km ESE of Lakeview, Oregon",07:46.9
41.8495,-119.6366,3.11,"69km ESE of Lakeview, Oregon",43:01.0
41.8619,-119.6961,3.6,"64km SE of Lakeview, Oregon",15:33.8
41.9061,-119.6573,4.72,"65km ESE of Lakeview, Oregon",34:46.5
41.8884,-119.6313,3.74,"67km ESE of Lakeview, Oregon",00:01.0
41.8906,-119.6497,3.65,"66km ESE of Lakeview, Oregon",12:01.9
41.8302,-119.6212,3.13,"72km ESE of Lakeview, Oregon",15:57.5
18.9941,-63.9567,3.2,"94km NE of Road Town, British Virgin Islands",45:59.5
60.1365,-151.1357,3.1,"27km SSE of Cohoe, Alaska",11/6/2014 3:13
41.8748,-119.6381,3.4,"68km ESE of Lakeview, Oregon",12:47.8
37.2082,-98.039,3.2,"6km N of Anthony, Kansas",35:02.8
41.8799,-119.6304,3.71,"68km ESE of Lakeview, Oregon",21:11.5
41.8649,-119.6349,3.54,"68km ESE of Lakeview, Oregon",17:11.0
41.891,-119.6179,3.27,"68km ESE of Lakeview, Oregon",54:37.2
59.1663,-136.3489,3.7,"52km W of Haines, Alaska",45:32.0
41.8713,-119.61,3.47,"70km ESE of Lakeview, Oregon",01:11.3
41.8698,-119.6272,3.41,"69km ESE of Lakeview, Oregon",23:51.0
41.8799,-119.6088,3.45,"70km ESE of Lakeview, Oregon",06:13.6
41.8589,-119.6295,3.51,"69km ESE of Lakeview, Oregon",53:23.5
41.894,-119.6197,3.4,"68km ESE of Lakeview, Oregon",18:40.0
18.7488,-67.443,3.2,"46km NW of Caban, Puerto Rico",01:27.6
59.1925,-136.285,4.7,"48km W of Haines, Alaska",03:52.0
41.8291,-119.6046,4.22,"73km ESE of Lakeview, Oregon",18:26.5
41.8938,-119.6221,3.2,"68km ESE of Lakeview, Oregon",23:49.8
41.9125,-119.6217,3.22,"67km ESE of Lakeview, Oregon",29:57.1
41.8823,-119.6191,3.63,"69km ESE of Lakeview, Oregon",12:50.4
41.9221,-119.612,3.74,"67km ESE of Lakeview, Oregon",23:06.7
37.1979,-98.0516,3.2,"5km NNW of Anthony, Kansas",07:27.4
41.8901,-119.6214,3.41,"68km ESE of Lakeview, Oregon",51:51.3
41.9047,-119.6197,3.23,"67km ESE of Lakeview, Oregon",07:47.8
41.8886,-119.6139,3.53,"69km ESE of Lakeview, Oregon",05:37.9
41.8923,-119.6245,3.39,"68km ESE of Lakeview, Oregon",54:56.2
41.9034,-119.6284,3.24,"67km ESE of Lakeview, Oregon",26:44.7
41.9078,-119.6202,4.59,"67km ESE of Lakeview, Oregon",23:04.4
41.8987,-119.6313,3.04,"67km ESE of Lakeview, Oregon",14:46.2
41.8852,-119.6103,3.45,"69km ESE of Lakeview, Oregon",45:30.6
36.5865,-97.7806,3,"22km NNE of Enid, Oklahoma",05:38.7
19.2374,-64.2119,3.4,"100km NNE of Road Town, British Virgin Islands",45:24.8
35.4607,-97.0329,3.2,"5km ENE of McLoud, Oklahoma",13:50.3
41.8994,-119.6348,3.25,"67km ESE of Lakeview, Oregon",16:07.1
36.5872,-97.7776,3,"23km NNE of Enid, Oklahoma",46:37.2
56.2205,-154.231,3,"97km ENE of Chirikof Island, Alaska",11/4/2014 13:41
56.5966,-154.865,3.3,"97km NNE of Chirikof Island, Alaska",11/4/2014 11:52
41.8817,-119.613,4.05,"69km ESE of Lakeview, Oregon",47:58.2
38.8913,-116.1623,3.84,"61km WNW of Currant, Nevada",20:24.7
36.7535,-97.5583,3,"16km ESE of Medford, Oklahoma",16:48.7
40.4078333,-124.8926667,3.39,"56km WSW of Ferndale, California",44:31.6
18.138,-64.842,3.1,"24km SSE of Charlotte Amalie, U.S. Virgin Islands",09:02.9
35.7762,-97.4563,3,"11km SSW of Guthrie, Oklahoma",16:50.9
17.172,-95.237,4.2,"18km W of Palomares, Mexico",11/3/2014 20:41
19.302,-66.3246,3.1,"92km N of Brenas, Puerto Rico",49:45.1
17.8348,-67.9613,3.2,"83km W of Pole Ojea, Puerto Rico",03:34.8
45.3512,-117.1887,3.4,"3km E of Joseph, Oregon",43:57.6
19.0214,-66.8636,3.2,"59km N of Hatillo, Puerto Rico",08:53.1
18.3635,-68.0022,3.3,"48km ESE of Punta Cana, Dominican Republic",00:23.9
34.0175,-117.2323333,3.29,"4km SSE of Loma Linda, California",53:35.5
18.295,-68.1526,3.2,"41km SE of Punta Cana, Dominican Republic",50:52.6
35.6073,-97.2105,3.3,"6km SSW of Luther, Oklahoma",10:32.5
35.6063,-97.2121,3,"6km SSW of Luther, Oklahoma",58:29.1
44.1116,-129.001,4.1,Off the coast of Oregon,54:11.6
19.1105,-67.2279,3.2,"69km N of San Antonio, Puerto Rico",07:31.1
19.3059,-64.4903,3,"99km N of Road Town, British Virgin Islands",50:33.7
11.5633,-86.3108,4.4,"22km SSW of Santa Teresa, Nicaragua",34:45.4
55.838,-161.609,3.1,"89km NW of Sand Point, Alaska",39:27.5
58.0021,-152.1353,3.3,"28km NE of Kodiak, Alaska",11/2/2014 14:20
37.0753,-104.9121,3,"38km WSW of Trinidad, Colorado",16:18.7
54.7324,-160.6023,3.4,"67km S of Sand Point, Alaska",11/2/2014 10:08
10.7786,-86.8686,4.3,"118km SSW of Masachapa, Nicaragua",26:40.6
17.7926,-68.6959,3.8,"65km S of Boca de Yuma, Dominican Republic",55:11.6
59.8032,-153.0697,3.8,"69km W of Anchor Point, Alaska",11/2/2014 7:18
61.3291,-150.945,3.5,"57km WNW of Anchorage, Alaska",11/2/2014 3:22
46.938,-67.032,3.2,"New Brunswick, Canada",11/2/2014 1:58
36.8427,-97.7538,3.1,"4km NNW of Medford, Oklahoma",58:36.1
18.0912,-63.6287,3,"57km W of Marigot, Saint Martin",29:30.7
58.9978,-147.7548,3.6,"94km WSW of Middleton Island, Alaska",11/1/2014 22:42
32.9513333,-115.5388333,3.35,"1km SSW of Brawley, California",21:43.4
13.7005,-92.0408,4.5,"67km SSW of Champerico, Guatemala",55:30.3
9.9647,-84.1839,4.2,"2km S of San Antonio, Costa Rica",23:12.9
36.0481,-97.2529,3,"11km N of Langston, Oklahoma",11/1/2014 6:03
60.118,-151.6529,3.1,"33km SW of Cohoe, Alaska",11/1/2014 3:59
61.5406,-152.1262,3.1,"104km NNW of Nikiski, Alaska",11/1/2014 1:20
